Multi-Category Schedule 2,,
Family Type,Year
,
,
,
,
,
,
,
,
,31
,31
D_AME_CE,31
D_AME_CR,31
D_AME_SU,31
D_AN_CU_SM,31
D_AN_PI2,31
D_AP_SM_CR,31
D_AP_SM_SU,31
D_AP_VI_CR,31
D_AP_VI_SU,31
D_BO_CR,31
D_BO_SU,31
D_CS_CR,31
D_CS_SU,31
D_CU_SM,31
D_CU_VI,31
D_D_C,31
D_EN_0,31
D_EN_1,31
D_EN_2,31
D_EN_3,31
D_EN_CE,31
D_ET,31
D_JC_SM,31
D_JC_VI,31
D_LO_CU_SM,31
D_P2,31
D_PA_CR,31
D_PA_SU,31
D_PI1,31
D_RV,31
D_T_C_CR,31
D_T_C_SU,31
G_AME_CE,31
G_AME_CR,31
G_AME_SU,31
G_AN_CU_SM,31
G_AN_PI_2,31
G_AP_SM_CR,31
G_AP_SM_SU,31
G_AP_VI_CR,31
G_AP_VI_SU,31
G_BO_CR,31
G_BO_SU,31
G_CS_CR,31
G_CS_SU,31
G_CU_SM,31
G_CU_VI,31
G_D_C,31
G_EN_0,31
G_EN_1,31
G_EN_2,31
G_EN_3,31
G_EN_CE,31
G_ET,31
G_JC_SM,31
G_JC_VI,31
G_LO_CU_SM,31
G_PA_CR,31
G_PA_SU,31
G_PI1,31
G_PI2,31
G_RV,31
G_T_C_CR,31
G_T_C_SU,31
